-- 3. 建立 Books 表格

-- 6. 建立 Courses 表格
DROP TABLE IF EXISTS Courses;
CREATE TABLE IF NOT EXISTS Courses (
    CourseID TEXT PRIMARY KEY,
    CourseName TEXT NOT NULL,
    Credits INTEGER NOT NULL,
    Department TEXT
);

-- 插入範例資料到 Courses 表格

-- 7. 建立 Enrollments 表格
DROP TABLE IF EXISTS Enrollments;
CREATE TABLE IF NOT EXISTS Enrollments (
    EnrollmentID INTEGER PRIMARY KEY AUTOINCREMENT,
    StudentID INTEGER NOT NULL, -- 假設這裡的 StudentID 實際上就是 Borrowers.BorrowerID (為了簡化課程練習)
    CourseID TEXT NOT NULL,
    EnrollmentDate DATE NOT NULL,
    Grade TEXT, -- 成績，可為空
    UNIQUE (StudentID, CourseID) -- 確保一個學生不能重複選同一門課
);

-- 8. 建立 Students 表格


INSERT INTO Courses (CourseID, CourseName, Credits, Department) VALUES

('CS101', '資料庫系統', 3, '資訊工程'),

('CS102', '資料結構', 3, '資訊工程'),

('MA201', '微積分', 4, '數學'),

('EN101', '英文寫作', 3, '外文'),

('PH101', '物理學基礎', 4, '物理'),

('CH101', '化學基礎', 4, '化學'),

('EC201', '經濟學原理', 3, '經濟'),

('PSY101', '心理學導論', 3, '心理學'),

('SO101', '社會學概論', 3, '社會學'),

('BI101', '生物學基礎', 4, '生物'),

('CS201', '軟體工程', 3, '資訊工程'),

('CS202', '網路安全', 3, '資訊工程'),

('MA301', '線性代數', 3, '數學'),

('EN201', '英語會話', 3, '外文'),

('PH201', '電磁學', 4, '物理'),

('CH201', '有機化學', 4, '化學'),

('EC301', '微觀經濟學', 3, '經濟'),

('PSY201', '發展心理學', 3, '心理學'),

('SO201', '社會學理論', 3, '社會學'),

('BI201', '細胞生物學', 4, '生物'),

('CS301', '人工智慧', 3, '資訊工程'),

('CS302', '大數據分析', 3, '資訊工程'),

('SP101', '基礎體育', 2, '體育');

DROP TABLE IF EXISTS Students;
CREATE TABLE IF NOT EXISTS Students (
    StudentID INTEGER PRIMARY KEY AUTOINCREMENT,
    Name TEXT NOT NULL,
    Major TEXT,
    Age INTEGER
);
INSERT INTO Students (Name, Major, Age) VALUES
('張三丰', '資訊工程', 21),
('李白', '外文', 20),
('杜甫', '數學', 22),
('王維', '物理', 19),
('孟浩然', '化學', 23),
('白居易', '經濟', 20),
('蘇軾', '心理學', 21),
('辛棄疾', '社會學', 19),
('陸游', '生物', 23),
('歐陽修', '資訊工程', 20),
('曾鞏', '電子電機', 22),
('柳宗元', '數學', 19),
('韓愈', '外文', 23),
('范仲淹', '物理', 20),
('司馬光', '化學', 21),
('岳飛', '經濟', 19),
('文天祥', '心理學', 23),
('鄭成功', '社會學', 20),
('施耐庵', '生物', 21),
('羅貫中', '資訊工程', 19),
('曹雪芹', '電子電機', 23),
('吳承恩', '數學', 20),
('蒲松齡', '外文', 21),
('袁崇煥', '物理', 19),
('紀曉嵐', '化學', 23),
('和珅', '經濟', 20),
('乾隆', '心理學', 21),
('康熙', '社會學', 19),
('雍正', '生物', 23),
('李清照', '資訊工程', 20),
('武則天', '電子電機', 22),
('楊玉環', '數學', 19),
('貂蟬', '外文', 23),
('西施', '物理', 20),
('王昭君', '化學', 21),
('楊貴妃', '經濟', 19),
('花木蘭', '心理學', 23),
('穆桂英', '社會學', 20),
('梁紅玉', '生物', 21),
('馮夢龍', '資訊工程', 19),
('凌濛初', '電子電機', 23),
('金聖嘆', '數學', 20),
('顧炎武', '外文', 21),
('黃宗羲', '物理', 19),
('王夫之', '化學', 23),
('鄭板橋', '經濟', 20),
('揚州八怪', '心理學', 21),
('石濤', '社會學', 19),
('八大山人', '生物', 23),
('董其昌', '資訊工程', 20),
('文徵明', '電子電機', 22),
('沈周', '數學', 19),
('唐伯虎', '外文', 23),
('祝枝山', '物理', 20),
('徐悲鴻', '化學', 21),
('齊白石', '經濟', 19),
('潘天壽', '心理學', 23),
('陳逸飛', '社會學', 20),
('吳冠中', '生物', 21);


-- 選課資料 (100 筆)
-- 這裡會假設 Students 表格的 StudentID 是從 1 開始自動遞增，
-- 並包含您原有的 4 筆學生資料與上方新增的 51 筆學生資料，總計 55 位學生
-- CourseID 則使用您提供的 Courses 表格中的 CourseID

INSERT INTO Enrollments (StudentID, CourseID, EnrollmentDate, Grade) VALUES
(1, 'EN101', '2025-02-20', 'B'), -- 既存學生選課
(2, 'PH101', '2025-02-21', 'A'),
(3, 'CH101', '2025-02-22', NULL),
(4, 'EC201', '2025-02-23', 'C'),
(5, 'CS101', '2025-02-18', 'A'),
(5, 'MA201', '2025-02-18', 'B'),
(6, 'CS102', '2025-02-19', 'C'),
(6, 'EN101', '2025-02-19', 'A'),
(7, 'MA201', '2025-02-20', 'A'),
(7, 'PH101', '2025-02-20', 'B'),
(8, 'EN101', '2025-02-21', NULL),
(8, 'CS101', '2025-02-21', 'D'),
(9, 'CH101', '2025-02-22', 'C'),
(9, 'EC201', '2025-02-22', 'B'),
(10, 'CS102', '2025-02-23', 'A'),
(10, 'PSY101', '2025-02-23', 'A'),
(11, 'SO101', '2025-02-24', 'B'),
(11, 'BI101', '2025-02-24', 'C'),
(12, 'CS201', '2025-02-25', 'A'),
(12, 'MA301', '2025-02-25', 'B'),
(13, 'EN201', '2025-02-26', NULL),
(13, 'PH201', '2025-02-26', 'C'),
(14, 'CH201', '2025-02-27', 'A'),
(14, 'EC301', '2025-02-27', 'B'),
(15, 'PSY201', '2025-02-28', 'B'),
(15, 'SO201', '2025-02-28', 'C'),
(16, 'BI201', '2025-03-01', 'A'),
(16, 'CS301', '2025-03-01', 'B'),
(17, 'CS302', '2025-03-02', 'C'),
(17, 'SP101', '2025-03-02', 'A'),
(18, 'CS101', '2025-03-03', 'B'),
(18, 'MA201', '2025-03-03', 'A'),
(19, 'EN101', '2025-03-04', 'C'),
(19, 'PH101', '2025-03-04', 'B'),
(20, 'CH101', '2025-03-05', 'A'),
(20, 'EC201', '2025-03-05', 'C'),
(21, 'CS102', '2025-03-06', 'B'),
(21, 'PSY101', '2025-03-06', 'A'),
(22, 'SO101', '2025-03-07', NULL),
(22, 'BI101', '2025-03-07', 'C'),
(23, 'CS201', '2025-03-08', 'A'),
(23, 'MA301', '2025-03-08', 'B'),
(24, 'EN201', '2025-03-09', 'C'),
(24, 'PH201', '2025-03-09', 'A'),
(25, 'CH201', '2025-03-10', 'B'),
(25, 'EC301', '2025-03-10', 'C'),
(26, 'PSY201', '2025-03-11', 'A'),
(26, 'SO201', '2025-03-11', 'B'),
(27, 'BI201', '2025-03-12', 'C'),
(27, 'CS301', '2025-03-12', 'A'),
(28, 'CS302', '2025-03-13', 'B'),
(28, 'SP101', '2025-03-13', 'C'),
(29, 'CS101', '2025-03-14', 'A'),
(29, 'MA201', '2025-03-14', 'B'),
(30, 'EN101', '2025-03-15', NULL),
(30, 'PH101', '2025-03-15', 'C'),
(31, 'CH101', '2025-03-16', 'A'),
(31, 'EC201', '2025-03-16', 'B'),
(32, 'CS102', '2025-03-17', 'C'),
(32, 'PSY101', '2025-03-17', 'A'),
(33, 'SO101', '2025-03-18', 'B'),
(33, 'BI101', '2025-03-18', 'C'),
(34, 'CS201', '2025-03-19', 'A'),
(34, 'MA301', '2025-03-19', 'B'),
(35, 'EN201', '2025-03-20', 'C'),
(35, 'PH201', '2025-03-20', 'A'),
(36, 'CH201', '2025-03-21', 'B'),
(36, 'EC301', '2025-03-21', 'C'),
(37, 'PSY201', '2025-03-22', 'A'),
(37, 'SO201', '2025-03-22', 'B'),
(38, 'BI201', '2025-03-23', 'C'),
(38, 'CS301', '2025-03-23', 'A'),
(39, 'CS302', '2025-03-24', 'B'),
(39, 'SP101', '2025-03-24', 'C'),
(40, 'CS101', '2025-03-25', 'A'),
(40, 'MA201', '2025-03-25', 'B'),
(41, 'EN101', '2025-03-26', NULL),
(41, 'PH101', '2025-03-26', 'C'),
(42, 'CH101', '2025-03-27', 'A'),
(42, 'EC201', '2025-03-27', 'B'),
(43, 'CS102', '2025-03-28', 'C'),
(43, 'PSY101', '2025-03-28', 'A'),
(44, 'SO101', '2025-03-29', 'B'),
(44, 'BI101', '2025-03-29', 'C'),
(45, 'CS201', '2025-03-30', 'A'),
(45, 'MA301', '2025-03-30', 'B'),
(46, 'EN201', '2025-03-31', 'C'),
(46, 'PH201', '2025-03-31', 'A'),
(47, 'CH201', '2025-04-01', 'B'),
(47, 'EC301', '2025-04-01', 'C'),
(48, 'PSY201', '2025-04-02', 'A'),
(48, 'SO201', '2025-04-02', 'B'),
(49, 'BI201', '2025-04-03', 'C'),
(49, 'CS301', '2025-04-03', 'A'),
(50, 'CS302', '2025-04-04', 'B'),
(50, 'SP101', '2025-04-04', 'C'),
(51, 'CS101', '2025-04-05', 'A'),
(51, 'MA201', '2025-04-05', 'B'),
(52, 'EN101', '2025-04-06', NULL),
(52, 'PH101', '2025-04-06', 'C'),
(53, 'CH101', '2025-04-07', 'A'),
(53, 'EC201', '2025-04-07', 'B'),
(54, 'CS102', '2025-04-08', 'C'),
(54, 'PSY101', '2025-04-08', 'A'),
(55, 'SO101', '2025-04-09', 'B'),
(55, 'BI101', '2025-04-09', 'C'),
(1, 'CS202', '2025-04-10', 'B'),
(2, 'EC301', '2025-04-11', 'A'),
(3, 'CH201', '2025-04-12', NULL),
(4, 'PSY201', '2025-04-13', 'C'),
(5, 'SO201', '2025-04-14', 'A'),
(6, 'BI201', '2025-04-15', 'B'),
(7, 'CS301', '2025-04-16', 'C'),
(8, 'CS302', '2025-04-17', 'A'),
(9, 'SP101', '2025-04-18', 'B');